Date,Début,Fin,Événement,Présentateur / Responsable,Local,Détails,Lien_Presentateur,Lien_Details,Responsable
2022-01-14,13:30:00,14:30:00,Séminaire invité,James B Grace,Teams,Resolving the great diversity-productivity debate,https://www.usgs.gov/staff-profiles/james-grace,https://scholar.google.com/citations?user=53SGwowAAAAJ&hl=en,Bill Shipley
2021-12-03,13:30:00,14:30:00,Séminaire invité,Adam Ford,"NA","Sharing the food web with large carnivores: conflict, conservation, and connectivity",https://biodiversity.ubc.ca/people/faculty/adam-t-ford,"NA",Marco Festa-Bianchet
2021-11-26,12:00:00,13:00:00,Séminaire invité,Barbara Class,Teams,A quantitative genetic perspective of animal personality in the wild,https://www.barbaraclass.com/,"NA",Sophie Calmé
2021-11-30,12:30:00,13:30:00,Journal Club,Rachel Bergeron,D3-2040,"NA","NA","NA","NA"
2021-11-23,12:30:00,13:30:00,Journal Club,Gabriel Boilard,D3-2040,"NA","NA","NA","NA"
2021-11-16,12:30:00,13:30:00,Journal Club,Marco Festa-Bianchet,D3-2040,"NA","NA","NA","NA"
2021-11-12,13:30:00,14:30:00,Séminaire invité,Nadia Tahiri,D3-2034,Analyse d'arbres phylogénétiques en utilisant des données géographiques et climatiques,https://tahirinadia.github.io/,NA,Guillaume Blanchet
2021-11-02,12:30:00,13:30:00,Journal Club,Dany Garant,D3-2040,"NA","NA","NA","NA"
2021-10-29,13:30:00,14:30:00,Séminaire invité,Carly Sponarski,Teams,"Tick, Talk: Integrating biological and social science research to address ticks and Lyme disease in Maine",https://www.researchgate.net/profile/Carly-Sponarski,"NA",Sophie Calmé
2021-10-28,12:30:00,13:30:00,ÉcoÉvo,Simon Coroller,D3-2034,"Video game as a tool for ecological learning : the case of ""Animal Crossing - New Horizons""","NA","NA","NA"
2021-10-22,11:00:00,12:00:00,Éco-Whatever,Isabelle Laforest-Lapointe,D3-2042,Causal assumptions and causal inference in ecological experiments,"NA","NA","NA"
2021-10-14,12:30:00,13:30:00,ÉcoÉvo,Audrey Turcotte,D3-2034,Fixing the Canadian species at risk act : identifying major issues and recommendations for increasing accountability and efficiency,"NA","NA","NA"
2021-09-30,12:30:00,13:30:00,ÉcoÉvo,Lidia Colejo Duran,D3-2034,Conséquences des effets de l'environnement et de l'âge parental sur la valeur adaptative dans une population humaine préindustrielle,"NA","NA","NA"
2021-09-17,11:00:00,12:00,Éco-Whatever,Mark Vellend,D4-2019,Les réseaux mycorhiziens partagés par différentes espèces d’arbres,"NA",https://www.ted.com/talks/suzanne_simard_how_trees_talk_to_each_other?language=en,"NA"
2021-09-16,12:30:00,13:30:00,ÉcoÉvo,Fanie Pelletier,D3-2034,Indicateurs écologiques,"NA",https://www.sepaq.com/dotAsset/26261.pdf,"NA"
2021-09-09,11:30:00,12:30:00,Éco-Whatever,Mark Vellend,D3-2042,Introduction et discussions vég-numérique-whatever,"NA","NA","NA"
2021-04-29,12:00:00,13:00:00,ÉcoÉvo,Aurélie Bourbeau-Lemieux,Teams,Coordonnatrice provinciale de la gestion du caribou migrateur et de l’ours blanc au MFFP,"NA","NA","NA"
2021-04-23,13:30:00,14:30:00,Séminaire invité,Sandra Hamel,Teams,Comprendre et quantifier la variance et formuler des prédictions utiles en écologie,https://www.fsg.ulaval.ca/departements/professeurs/sandra-hamel-861/,"NA",Benjamin Larue
2021-04-19,12:00:00,13:00:00,Éco-Whatever,Christina Rians,Teams,Présentations des projets des étudiants,"NA","NA","NA"
2021-04-13,13:00:00,16:00:00,Soutenance,Amy Wotherspoon,Teams,"Interactions between silvicultural treatment, geological deposit and climate in controlling black spruce growth in Québec (Canada)","NA",https://teams.microsoft.com/l/meetup-join/19%3ameeting_OGE5NjNhYTYtN2I4OS00YTNhLTg4ZjQtZGQyNzAxY2IwNGQw%40thread.v2/0?context=%7b%22Tid%22%3a%223a5a8744-5935-45f9-9423-b32c3a5de082%22%2c%22Oid%22%3a%227b3b71fe-c088-44cc-bfd6-04b2f9361e06%22%7d,"NA"
2021-04-12,08:00:00,12:00:00,Soutenance,Daniel Garrett,Teams,The influence of food and weather on the fitness and foraging responses of a declining aerial insectivore breeding within modern agricultural landscapes,"NA",https://teams.microsoft.com/l/meetup-join/19%3ameeting_ODI1MjE2YTYtMjdjYi00M2RkLTgzYmUtYTA0NTQ3ZDM0NTc4%40thread.v2/0?context=%7b%22Tid%22%3a%223a5a8744-5935-45f9-9423-b32c3a5de082%22%2c%22Oid%22%3a%2297932f20-838a-4354-8681-d9b6aaf02139%22%7d,"NA"
2021-04-12,12:00:00,13:00:00,Éco-Whatever,Françoise Cardou et Mark Vellend,Teams,Adaptive systems and the diversity of life and culture in the Anthropocene,"NA","NA","NA"
2021-04-09,13:30:00,14:30:00,Séminaire invité,Christine Parent,Teams,"Islands as Living Laboratories: Diversification in Naesiotus land snails, Galapagos’ Most Diverse Species Group",https://parentlab.weebly.com/,"NA",Madelaine Proulx
2021-04-08,13:00:00,14:30:00,Séminaire étudiant,Robert Bradley,Teams,"3 séminaires PBI 702-706 Gabriel, Catherine, Xavier","NA","NA","NA"
2021-04-08,10:00:00,11:30:00,Séminaire étudiant,Robert Bradley,Teams,"3 séminaires PBI 702-706 Rachel, Victor et Varina","NA","NA","NA"
2021-03-29,12:00:00,13:00:00,Éco-Whatever,Kiyoko Gotanda,Teams,Photographie/Photography 101,www.pidgephotography.com,"NA","NA"
2021-03-26,12:00:00,13:00:00,Séminaire invité,Isabel Smallegange,Teams,An evaluation of the use of life history strategies to predict population responses to environmental change,https://isabelsmallegange.com/category/eco-evolutionary-dynamics/,"NA",Fanie Pelletier
2021-03-22,12:00:00,13:00:00,Éco-Whatever,Guillaume et François,Teams,Les écologistes et la Covid-19,"NA",https://ecologyforthemasses.com/2020/07/06/ecological-modelling-the-coronavirus-and-why-theyre-not-a-perfect-match/,"NA"
2021-03-19,13:30:00,14:30:00,Séminaire invité,Ayco Tack,Teams,"Interactions among plants, microbes and insects: from deciduous oaks to wild coffee",https://www.plantmicrobeinsect.com/projects/,"NA",Guillaume Blanchet
2021-03-18,13:30:00,14:30:00,ÉcoÉvo,Marco Festa-Bianchet,Teams,À venir,"NA","NA","NA"
2021-03-15,12:00:00,13:00:00,Éco-Whatever,Christina Rinas,Teams,Présentation des projets étudiants,"NA","NA","NA"
2021-03-12,13:30:00,14:30:00,Séminaire invité,Sarah Otto,Teams,COVID Evolution,https://www.zoology.ubc.ca/~otto/,"NA",Marco
2021-03-05,13:30:00,14:30:00,Séminaire invité,Tara Martin,Teams,Transforming ecological data into conservation decisions,https://www.taramartin.org/,"NA",Sophie Calmé
2021-02-26,13:30:00,14:30:00,Séminaire invité,Joseph Phillips,Teams,Transient dynamics of spatially-structured fluctuations in a threespine stickleback population,https://scholar-google-com.ezproxy.usherbrooke.ca/citations?user=gVnM_V0AAAAJ&hl=en,"NA",Guillaume Blanchet
2021-02-24,12:00:00,13:00:00,Journal Club,Sandrine Beaumont-Courteau,Teams,Parrots Voluntarily Help Each Other to Obtain Food Rewards,"NA",https://www.sciencedirect.com/science/article/pii/S0960982219314691,"NA"
2021-02-18,12:00:00,13:00:00,ÉcoÉvo,Carolyne Houle,Teams,Les projets du labo Garant,"NA","NA","NA"
2021-02-17,12:00:00,13:00:00,Journal Club,Chad Rice,Teams,Squirrels as predators,"NA",https://www.jstor.org/stable/41712767,"NA"
2021-02-15,12:00:00,13:00:00,Éco-Whatever,Madelaine Proulx,Teams,Publication «Open Access» et processus de publication,"NA",https://dynamicecology.wordpress.com/2018/12/19/open-access-and-the-pain-of-switching-adaptive-peaks/,"NA"
2021-02-12,13:30:00,14:30:00,Séminaire invité,Floriane Plard,Teams,Demographic consequences of the influence of environmental change on phenotypic traits: the case of size in the red-backed salamander,https://www.researchgate.net/profile/Floriane_Plard,"NA",Fanie Pelletier
2021-02-10,12:00:00,13:00:00,Journal Club,Gabriel Bergeron,Teams,"Saisonnalité, migrations et couplage/découplage dans les réseaux trophiques","NA",https://www.sciencedirect.com/science/article/abs/pii/S0169534715002219,"NA"
2021-02-08,12:00:00,13:00:00,Éco-Whatever,Marco et Dominique,Teams,Les preprints,"NA",https://journals.plos.org/plosbiology/article?id=10.1371/journal.pbio.1001563,"NA"
2021-02-04,12:00:00,13:00:00,ÉcoÉvo,Limoilou-Amélie Renaud,Teams,Projet de postdoc et un questionnement sur le financement d’un programme de recherche,"NA","NA","NA"
2021-02-03,12:00:00,13:00:00,Journal Club,Marco Festa-Bianchet,Teams,Trophic consequences of terrestrial eutrophication for a threatened ungulate,"NA",https://royalsocietypublishing.org/doi/10.1098/rspb.2020.2811,"NA"
2021-02-01,12:00:00,13:00:00,Éco-Whatever,Mark Vellend,Teams,Changements temporels de la biodiversité à différentes échelles spatiales,"NA",https://www.youtube.com/watch?v=pMRTIHuIF78,"NA"
2021-01-27,12:00:00,13:00:00,Journal Club,Dany Garant,Teams,Phenotypic plasticity in response to climate change: the importance of cue variation,"NA",https://doi.org/10.1098/rstb.2018.0178,"NA"
2021-01-25,12:00:00,13:00:00,Éco-Whatever,Varina Crisfield,Teams,Conceptualiser la rareté,"NA","NA","NA"
2021-01-22,13:30:00,14:30:00,Séminaire invité,Katherine Wilson,Teams,Changing the role of non-Indigenous research partners in practice to support Inuit self-determination in research,"NA","NA",Gabriel Bergeron
2021-01-21,12:00:00,13:00:00,ÉcoÉvo,Guillaume Blanchet,Teams,Collision between biological process and statistical analysis revealed by mean centring,"NA",https://doi.org/10.1111/1365-2656.13360,"NA"
2021-01-18,12:00:00,13:00:00,Éco-Whatever,Mark Vellend,Teams,Topo par tous de 3 minutes sur un article récent de ton journal préféré,"NA",https://docs.google.com/spreadsheets/d/1j86UykdVJYKaUvkvTMwzlq6lANo1yYiJKxlBZ8PDr9U/edit#gid=0,"NA"
2020-12-17,08:30:00,12:00:00,Soutenance,Pauline Toni,Teams,Reproduction et compromis d'histoire de vie chez les femelles Kangourous gris de l'est,"NA","NA","NA"
2020-12-14,12:00:00,13:00:00,Éco-Whatever,Francois Rousseu,Teams,Introduction à iNaturalist,"NA","NA","NA"
2020-12-09,09:00:00,10:30:00,Séminaire étudiant,Robert Bradley,Teams,"2e séminaire de maîtrise d'Esther C.-P., Yanny R. et Camille G.-R.","NA","NA","NA"
2020-12-08,13:00:00,16:00:00,Séminaire étudiant,Robert Bradley,Teams,"2e séminaire de doctorat d'Amy W., Daniel G. et Luca M.","NA","NA","NA"
2020-12-07,12:00:00,13:00:00,Éco-Whatever,Catherine Bolduc,Teams,Bénéfices et limitations de la science citoyenne,"NA",https://doi.org/10.1111/cobi.13610,"NA"
2020-11-27,13:30:00,14:30:00,Séminaire invité,Lauren Chapman,Teams,Hypoxia in a Warming World: Effects of Environmental Stressors on Energetics and Performance of Equatorial Fishes,http://biology.mcgill.ca/faculty/chapman/members.html,"NA",Dany Garant
2020-11-25,11:00:00,12:00:00,ÉcoÉvo,Les nouveaux,Teams,Courtes présentations des projets de recherche des nouveaux étudiants,"NA","NA","NA"
2020-11-23,12:00:00,13:00:00,Éco-Whatever,Kiyoko Gotanda,Teams,Racism in STEM,"NA","NA","NA"
2020-11-20,13:30:00,14:30:00,Séminaire invité,Louis Bernatchez,Teams,L’ADN environnemental au service de la gestion et la conservation de la faune aquatique,http://www2.bio.ulaval.ca/louisbernatchez/presentation.htm,"NA",Dany Garant
2020-11-16,12:00:00,13:00:00,Éco-Whatever,Françoise Cardou,Teams,La « tragedy of the commons »,https://science.sciencemag.org/content/sci/325/5939/419.full.pdf,https://science.sciencemag.org/content/162/3859/1243/tab-pdf,"NA"
2020-11-13,13:30:00,14:30:00,Séminaire invité,Kathleen Knight,Teams,Long-term impacts of emerald ash borer on forests,https://www.fs.fed.us/research/people/profile.php?alias=ksknight,"NA",Francoise Cardou
2020-11-11,11:00:00,12:00:00,ÉcoÉvo,Luca Montana,Teams,Effets paternels chez les kangourous,"NA","NA","NA"
2020-11-09,12:00:00,13:00:00,Midi-numérique,Katherine Hébert & Vincent Bellavance,Teams,Living Planet Index,"NA",https://dynamicecology.wordpress.com/2020/09/10/here-we-go-again-the-planet-is-practically-dead/,"NA"
2020-11-06,13:30:00,14:30:00,Séminaire invité,Matthieu Barbier,Teams,Fingerprints of high-dimensional coexistence in ecological communities,https://intp.science/profiles/matthieu-barbier/,"NA",Azénor Bideault
2020-11-02,12:00:00,13:00:00,Éco-Whatever,Kiyoko Gotanda,Teams,Racism in STEM,http://www.kiyokogotanda.com/,"NA",Annulé
2020-10-28,11:00:00,12:00:00,ÉcoÉvo,Yanny Ritchot,Teams,Résultats récents,"NA","NA","NA"
2020-10-26,12:00:00,13:00:00,Éco-Whatever,Kiyoko Gotanda,Teams,Mental Health and Racism in STEM,http://www.kiyokogotanda.com/,"NA","NA"
2020-10-22,11:00:00,12:00:00,Journal Club,Catherine Bolduc,Teams,Why we love bees and hate wasps,"NA",https://doi.org/10.1111/een.12676,"NA"
2020-10-19,12:00:00,13:00:00,Midi-numérique,Francois Rousseu,Teams,Priors in ecology,"NA",https://doi.org/10.1111/2041-210X.13407,"NA"
2020-10-16,13:30:00,14:30:00,Séminaire invité,Anthony Ricciardi,Teams,Origins matter: Alien versus native species as drivers of recent extinctions,http://redpath-staff.mcgill.ca/ricciardi/,"NA",Luca Montana
2020-10-15,11:00:00,12:00:00,Journal Club,Xavier Lamontagne,Teams,Do plant–microbe interactions support the Stress Gradient Hypothesis?,"NA",https://doi.org/10.1002/ecy.3081,"NA"
2020-10-14,11:00:00,12:00:00,ÉcoÉvo,Esther Carle-Pruneau,Teams,Résultats récents,"NA","NA","NA"
2020-10-08,11:00:00,12:00:00,Journal Club,Yanny Ritchot,Teams,Reproductive effort in relation to maternal social rank in reindeer (Rangifer tarandus),"NA",https://doi.org/10.1007/s00265-004-0827-0,"NA"
2020-10-08,09:00:00,10:00:00,Séminaire étudiant,Pauline Toni,Teams,"Kangourous, reproduction et compromis d'histoire de vie (séminaire 2)","NA","NA","NA"
2020-10-05,12:00:00,13:00:00,Midi-vég,Amaël Le Squin et Ming Ni,Teams/D3-2040,Relation entre gradient latitudinal et densité-dépendance négative (16 personnes max D3-2040),"NA",https://doi.org/10.1126/science.aam5678,"NA"
2020-10-02,13:30:00,14:30:00,Séminaire invité,Louise Chavarie,Teams,Quelle est l'importance de la variance des traits écologiques? Un regard sur la diversité intraspécifique chez le touladi,https://louisechavarie.weebly.com/,"NA",Guillaume Blanchet
2020-10-01,11:00:00,12:00:00,Journal Club,Dany Garant,Teams,Effets négligés lors de l’évaluation de l’évolution des traits,"NA",https://doi.org/10.1002/evl3.125,"NA"
2020-09-30,11:00:00,12:00:00,Séminaire invité,Kiyoko Gotanda,Teams,Adaptation in a changing world: human influences on evolution,http://www.kiyokogotanda.com/,"NA",Groupe ÉcoÉvo
2020-09-28,12:00:00,13:00:00,Éco-Whatever,Mark Vellend,Teams,Topo par tous de 3 minutes sur un article récent de ton journal préféré,"NA","NA","NA"
2020-09-24,11:00:00,12:00:00,Journal Club,Marco Festa-Bianchet,Teams,Interprétation non conventionnelle du dimosrphisme sexuel,"NA",https://doi.org/10.1111/mam.12191,"NA"
2020-09-21,12:00:00,13:00:00,Éco-Whatever,Mark Vellend,Teams,Topo par tous de 3 minutes sur un article récent de ton journal préféré,"NA","NA","NA"
2020-09-14,12:00:00,13:00:00,Éco-Whatever,Mark Vellend,Nord de la fontaine,Discussion sur les groupes de discussion,"NA","NA","NA"
2020-09-04,13:00:00,14:30:00,Séminaire invité,Mark Vellend,En ligne,The trouble with biodiversity,https://simposioecologiaco.wixsite.com/site/programacao,https://www.youtube.com/channel/UCPeT8tDlGifJiVE5welBEhQ/featured,"NA"
2020-09-01,12:00:00,13:00:00,Séminaire invité,Marco Festa-Bianchet,En ligne,"Selfish mothers, wannabe fathers: reproductive strategies in large mammals",http://duke.zoom.us/j/96479400387,https://youtu.be/wEz3DN1J7io,"NA"
2020-08-31,09:00:00,12:00:00,Soutenance,Émilie Lefol,Teams,"L’iridescence : corrélations et dynamique de la coloration du plumage chez une espèce polygame, l’hirondelle bicolore (Tachucineta bicolor)","NA","NA","NA"
2020-08-21,10:30:00,12:00:00,Séminaire étudiant,Robert Bradley,Teams,"Madelaine P., Chiara C., et Christel B.-A.","NA","NA","NA"
2020-06-16,08:45:00,12:30:00,Soutenance,Joanie Van de Walle,Teams,Defense will start at 9h,"NA","NA","NA"
2020-06-01,14:00:00,15:00:00,Éco-Whatever,Françoise Cardou,Teams,Impacts de covid-19 sur les activités de recherches,"NA",https://www.natureindex.com/news-blog/decline-women-scientist-research-publishing-production-coronavirus-pandemic,"NA"
2020-06-01,13:00:00,14:30:00,Formation,Katherine Hébert et Gracielle Higino,En ligne,"Training: Science Communication, June 1-2, BIOS2 program","NA",http://bios2.usherbrooke.ca/2020/05/18/training-science-communication/,Kim Gauthier Schampaert
2020-05-25,14:00:00,15:00:00,Éco-Whatever,Bill Shipley,Teams,Introduction aux analyses de pistes,"NA","NA","NA"
2020-05-11,14:00:00,15:00:00,Éco-Whatever,Chiara Chelo,Teams,"Links Among Human Health, Animal Health, and Ecosystem Health","NA",https://doi.org/10.1146/annurev-publhealth-031912-114426,"NA"
2020-05-04,14:00,15:00,Éco-Whatever,Gabriel Bergeron,Teams,Introduction au Tidyverse et à la syntaxe en pipelines,"NA","NA","NA"
2020-04-27,14:00,15:00,Éco-Whatever,Christina Rinas,Teams,Species diversity of arboreal lichen and bryophyte communities along a temperate-to-boreal elevation gradient,"NA","NA","NA"
2020-04-20,14:00,15:00,Éco-Whatever,Marco Festa-Bianchet,Teams,Ten simple rules towards healthier research labs,"NA",https://doi.org/10.1371/journal.pcbi.1006914,"NA"
2020-04-17,13:30,15:00,Séminaire étudiant,Robert Bradley,Teams,"Séminaire PBI702 et PBI706, Charles-Alexandre P., Roxane L. et Solange B.","NA","NA","NA"
2020-04-14,09:00:00,16:00:00,Séminaire étudiant,Mark Vellend,Teams,Séminaire PBI 700,"NA","NA","NA"
2020-04-06,14:00:00,15:00:00,Éco-discussion,François Rousseu,Teams,COVID19 et modèles épidémiologiques,"NA","NA","NA"
2020-03-30,14:00:00,15:00:00,Éco-discussion,Isabelle Laforest-Lapointe,Teams,Weapons of Math Destruction et The Book of Why,"NA",https://www.youtube.com/watch?v=TQHs8SA1qpk,"NA"
2020-03-24,13:00:00,17:00:00,Atelier,Katherine Hébert,D7-3015,"Atelier CSBQ, Analyses multivariées","NA","NA",ANNULÉ
2020-03-24,12:30,13:30,Séminaire,"Élie Genois, Jonathan Gross",B1-2002,"Physique quantique et apprentissage machine; concevoir de nouvelles architectures (ALEA, Agora du carrefour de l'information)","NA","NA","NA"
2020-03-23,12:00:00,13:00:00,"NA",-,D4-2019,"NA","NA","NA","NA"
2020-03-21,17:00:00,20:00:00,Autres,"Françoise, Madelaine, Gabriel",-,"Funspiel, soirée curling au Club de Lennoxville!","NA","NA","NA"
2020-03-16,12:00:00,13:00:00,Midi-numérique,Bill Shipley,D3-2042,Analyses des pistes,"NA","NA","NA"
2020-03-13,13:30:00,14:30:00,Séminaire invité,Frithjof Lutscher,D3-2040,Modelling population dynamics in seasonal environments,https://science.uottawa.ca/mathstat/fr/personnes/lutscher-frithjof,"NA",Gabriel B.
2020-03-10,13:00:00,17:00:00,Atelier,Amaël Le Squin,D7-3015,"Atelier CSBQ, Modèles additifs généralisés","NA","NA","NA"
2020-03-09,12:00:00,13:00:00,Éco-Whatever,Xavier Lamontagne,D3-2042,"Le fitness et la culture, un concept qui tient la route ?","NA",https://doi.org/10.1093/bjps/axv047,"NA"
2020-02-28,13:30:00,14:30:00,Séminaire invité,Tanya Handa,D3-2040,Oser la simplicité pour aborder la complexité: les traits fonctionnels des arthropodes pour prédire les interactions trophiques dans les sols forestiers,http://www.cef-cfr.ca/index.php?n=MEmbres.TanyaHanda,"NA",Dominique
2020-02-25,13:00:00,17:00:00,Atelier,Amaël Le Squin,D7-3015,"Atelier CSBQ, Modèles linéaires généralisés mixtes","NA","NA","NA"
2020-02-24,12:00:00,13:00:00,Midi-vég,Tous,D3-2030,Littérature récente en 3 minutes ou moins!,"NA","NA","NA"
2020-02-21,13:30:00,14:30:00,Séminaire invité,Johanne Pelletier,D3-2040,Forêts tropicales et changements climatiques: où en sommes nous?,http://www.jpelletier.net/,"NA","NA"
2020-02-18,12:00:00,13:00:00,ÉcoÉvo,Luca Montana,D3-2042,Climate mitigation gap,"NA",https://doi.org/10.1088/1748-9326/aa7541,"NA"
2020-02-17,12:00,13:00:00,Midi-numérique,Francois Rousseu,D3-2042,Black swan events in animal populations,"NA",https://doi.org/10.1073/pnas.1611525114,"NA"
2020-02-11,13:00,17:00:00,Atelier,Amaël Le Squin,D7-3015,"Atelier CSBQ, Modèles linéaires mixtes","NA","NA","NA"
2020-02-10,12:00:00,13:00:00,Éco-Whatever,Chritine Ouellet,D3-2042,"L'écologie appliquée au service de l'environnement, de l'adaptation aux changements climatiques et autres applications","NA","NA","NA"
2020-02-07,13:30:00,14:30:00,Séminaire invité,Isabelle Laforest-Lapointe,D7-3021,La multidisciplinarité pour démystifier les interactions hôte-microbes / Multidisciplinarity to demystify host-microbe interaction,https://isabellelaforestlapointe.wordpress.com/,"NA",Marco
2020-02-06,09:30:00,10:30:00,Réunion,Robert Bradley,-,Séance d'information obligatoire pour les nouveaux étudiants de l'hiver 2020,"NA","NA","NA"
2020-02-04,12:00:00,13:00:00,ÉcoÉvo,Joanie Van de Walle,D3-2042,ANNULÉ Analyses de pistes et d'ours,"NA","NA","NA"
2020-02-03,12:00:00,13:00:00,Midi-vég,Tous,D3-2042,Littérature récente en 3 minutes ou moins!,"NA",https://docs.google.com/spreadsheets/d/1Udz3YHed2MMq7X5eeO8IByIJuyePUa51VKCctZr47IM/edit#gid=921366565,"NA"
2020-01-31,13:30:00,14:30:00,Séminaire invité,Louis Robert,D7-3021,Pesticides et enjeux éthiques de la recherche agronomique au Québec,"NA",https://www.usherbrooke.ca/biologie/accueil/evenements/evenements-details/e/42100/,Marco
2020-01-27,12:00:00,13:00:00,Midi-numérique,Guillaume Blanchet,D3-2042,Une métrique pour comprendre et prédire les impacts écologiques des espèces exotiques envahissantes,"NA",https://doi.org/10.1111/1365-2664.12849,"NA"
2020-01-24,13:30:00,14:30:00,Séminaire invité,Dominique Gravel,D3-2040,Utilisation de l'écologie théorique pour comprendre le fonctionnement du système immunitaire ?,https://ielab.recherche.usherbrooke.ca/,"NA","NA"
2020-01-22,11:50:00,12:50:00,Autres,Groupe de lecture en épistémologie,A3-131,A contextual approach to scientific understanding,"NA",https://www.epistemopratique.org/nouvelles/2019/12/13/groupe-de-lecture-en-epistemologie-4/,"NA"
2020-01-21,16:00:00,19:00:00,Conférence,Ahmed Djoghlaf,Centre culturel de l'UdeS (balcon du foyer Orford),Biodiversité et changements climatiques – Enjeux et opportunités,"NA",https://www.usherbrooke.ca/actualites/evenements/evenements-accueil/evenements-accueil-details/e/41861/,"NA"
2020-01-20,12:00:00,13:00:00,Éco-Whatever,Francoise Cardou,D3-2042,Biodiversity forecasting?,"NA",https://doi.org/10.1111/cobi.12943,"NA"
2020-01-17,13:30:00,14:30:00,Séminaire invité,Risa Sargent,D3-2040,Adventures in Applied Biology,https://mysite.science.uottawa.ca/rsargent/,"NA",Mark
2020-01-14,14:00:00,15:00:00,Séminaire,Claude Bhérer,B1-2002,Génomique du dimorphisme sexuel dans la recombinaison méiotique (Agora de du Carrefour de l'information),https://claudebherer.com/,"NA","Marco, candidat poste interfacultaire"
2020-01-14,09:00:00,12:00:00,Soutenance,Laurent Daou,D4-2020,Quelle est la relation qui relie les traits fonctionnels pondérés par la communauté et la fertilité du sol,"NA","NA","NA"
2020-01-10,13:30:00,14:30:00,Séminaire invité,Aaron Shafer,D3-2040,Can we use Genomes to help conserve biodiversity?,http://www.aaronshafer.ca/,"NA",Marco
2020-01-07,14:00:00,15:00:00,Séminaire,Guillaume Blanchet,B1-2002,Que peut-on gagner à utiliser les statistiques dans les sciences de la vie ?  (Agora de du Carrefour de l'information),https://scholar.google.ca/citations?user=CEImjEIAAAAJ&hl=fr,"NA","Marco, candidat poste interfacultaire"
2019-12-16,12:00:00,13:00:00,Réunion,Azenor Bideault,D3-2042,Potluck de Noël!,"NA","NA","NA"
2019-12-16,09:00:00,10:00:00,Initiation à la recherche,Mark Vellend,D2-1060,Présentations de Valentine Glaus et Francis Lessard,"NA","NA","NA"
2019-12-13,13:30:00,14:30:00,Séminaire étudiant,Joanie Van de Walle,D3-2040,Soins maternels chez l'ours brun scandinave dans un contexte de chasse intensive,"NA","NA",Joanie
2019-12-13,13:00:00,16:00:00,Webinaire,Ève-Lyne Comtois-Dinel,D8-0012,Propriété intellectuelle dans un contexte de science ouverte et collaborative,"NA",http://bios2.recherche.usherbrooke.ca/fr/2019/11/26/sf-propriete-intellectuelle/,Kim pour BIOS2
2019-12-12,09:00:00,10:00:00,Séminaire étudiant,Amaël LeSquin,D3-2040,Enquête théorique sur la distribution des arbres : un potentiel désaccord entre distribution et niche de Hutchinson,"NA","NA","NA"
2019-12-11,13:30:00,14:30:00,Séminaire,Laurent Hébert-Dufresne,B1-2002,L'hétérogénéité des comportements humains en épidémiologie sur réseaux (Agora du Carrefour de l'information),http://laurenthebertdufresne.github.io/,"NA","Marco, candidat poste interfacultaire"
2019-12-10,16:00:00,17:00:00,Webinaire,Isabelle Laforest-Lapointe,-,Microbial eukaryotes in leaf and gut microbiomes,https://isabellelaforestlapointe.wordpress.com/,https://www.qiagen.com/ca/service-and-support/learning-hub/webinars/upcoming-live-webinars/microbiology-research/191210-1600-microbial-eukaryotes-in-leaf-and-gut-microbiomes/,"NA"
2019-12-10,12:45:00,16:30:00,Séminaire étudiant,Pascale Beauregard,D3-2035,Séminaire de recherche I PBI-700,"NA","NA","NA"
2019-12-10,08:30:00,11:45:00,Séminaire étudiant,Pascale Beauregard,D3-2035,Séminaire de recherche I PBI-700,"NA","NA","NA"
2019-12-06,13:30:00,14:30:00,Séminaire invité,Jay Wason,D3-2040,Using three-dimensional wood anatomy to understand tree responses to climate change,https://forest.umaine.edu/jay-wason/,"NA",Mark
2019-12-06,10:30:00,11:30:00,Séminaire,Mamadou Yauck,B1-2002,Échantillonnage des populations difficiles à joindre : récents développements (Agora du Carrefour de l'information),https://mamadouyauck.rbind.io/,"NA","Marco, candidat poste interfacultaire"
2019-12-05,09:00:00,11:45:00,Séminaire étudiant,Robert Bradley,D7-3021,Séminaire de recherche II PBI 702-706,"NA","NA",Robert
2019-12-05,09:00:00,15:50:00,Séminaire étudiant,Caroline Cloutier,D7-2016,Séminaires de stages des étudiants en maîtrise de professionnalisation en écologie appliquée,"NA","NA","NA"
2019-12-03,12:00:00,13:00:00,ÉcoÉvo,Marco Festa-Bianchet,D4-2019,"La saga ""Journal of Wildlife Management""","NA","NA","NA"
2019-12-02,12:00:00,13:00:00,Éco-Whatever,Edmundo Huerta Patricio,D3-2042,The role of cacao agroecosystems in maintaining bird diversity and ecosystem services,"NA","NA","NA"
2019-11-29,13:00:00,17:00:00,Soutenance,Françoise Cardou,A1-228,Développement d’un indicateur d’intégrité écologique en milieux anthropisés : application de l’approche par traits fonctionnels,"NA","NA","NA"
2019-11-29,11:00:00,12:00:00,Séminaire invité,Gabriel Pigeon,D3-2039,Coûts de la reproduction contexte-dépendant chez le renne du Svalbard: une étude de la fluctuation interannuelle en masse,https://pidge505.wixsite.com/gpigeon,"NA",Marco
2019-11-28,11:30:00,12:20:00,Séminaire,Dominic Desjardins Côté,D3-2038,L'effet papillon : les systèmes dynamiques chaotiques (séminaire du Club Mathématique),"NA","NA","NA"
2019-11-27,12:00:00,13:00:00,Journal Club,Audrey Sigouin,D3-2031,Indigenous knowledge as data for modern fishery management: a case study of Dungeness crab in Pacific Canad,https://doi.org/10.1080/20964129.2017.1379887,"NA","NA"
2019-11-25,12:00:00,13:00:00,Midi-numérique,Amaël LeSquin,D3-2042,"Machine learning, deep learning","NA","NA","NA"
2019-11-22,13:30:00,14:30:00,Séminaire invité,Selvadurai Dayanandan,D3-2040,Evolution and conservation of biodiversity in forest and agricultural landscapes,https://www.concordia.ca/artsci/biology/faculty.html?fpid=selvadurai-dayanandan,"NA",Mark
2019-11-22,12:00:00,13:30:00,Séminaire,Jochen Jaeger,B1-2002,"Introduction à l’écologie routière et la connectivité écologique (MIDI_MAD du CUFE, Agora du Carrefour de l'information)",http://www.concordia.ca/artsci/geography-planning-environment/faculty.html?fpid=jochen-a-g-jaeger,"NA","NA"
2019-11-20,12:00:00,13:00:00,Journal Club,Chelsey Paquette,D3-2031,Indirect effects on fitness between individuals that have never met via an extended phenotype,https://doi.org/10.1111/ele.13230,"NA","NA"
2019-11-18,12:00:00,13:00:00,Midi-vég,Xavier Lamontagne,D3-2042,Les gradients en écologie végétale,https://doi.org/10.1007/s00442-016-3549-x,"NA","NA"
2019-11-13,13:00:00,14:00:00,Journal Club,Ève Courtois,D7-2015,Decline of the North American avifauna,https://doi.org/10.1126/science.aaw1313,"NA",Marco
2019-11-12,12:00:00,13:00:00,ÉcoÉvo,Edmundo Huerta Patricio,D3-2042,Sujet mystère,"NA","NA","NA"
2019-11-11,12:00:00,13:00:00,Midi-vég,Li Zhang,D3-2042,Explaining variation in productivity requires intraspecific variability in plant height within and among communities,https://doi.org/10.1111/j.1600-0587.2010.06904.x,"NA","NA"
2019-11-08,13:30:00,14:30:00,Séminaire invité,Jean-François Lemaître,D3-2040,Sénescence de reproduction chez les femelles et les mâles en milieu naturel,https://lbbe.univ-lyon1.fr/-Lemaitre-Jean-Francois-.html,"NA",Marco
2019-11-07,11:00:00,12:00:00,Séminaire étudiant,Laurent Daniel Daou,D3-2038,Quelle est la relation qui relie les traits fonctionnels pondérés par la communauté et la fertilité du sol?,"NA","NA","NA"
2019-11-06,15:30:00,16:30:00,Séminaire,Sue Ziegler,D1-2165,Looking at leftovers to uncover controls on carbon and nitrogen cycling in boreal forest landscapes (organisé par le Département de Chimie),https://www.esd.mun.ca/wordpress/sziegler/,"NA",JP Bellenger
2019-11-06,12:00:00,13:00:00,Journal Club,Marco Festa-Bianchet,D3-2031,Human-induced reductions in fish predator boldness decrease their predation rates in kelp forests,http://dx.doi.org/10.1098/rspb.2018.2745,"NA","NA"
2019-11-05,13:30:00,14:30:00,Séminaire invité,Alistair Senior,D3-2039,Diet and Individual Variability in Life-History,http://alistairmsenior.com/,"NA",Marco
2019-11-04,12:00:00,13:00:00,Midi-vég,Ming Ni,D3-2042,Sampling effects on estimating species' range limits and environmental niches,"NA","NA","NA"
2019-10-28,12:00:00,13:00:00,Midi-numérique,Willian Vieira,D3-2042,Vers la science reproductible avec Rmarkdown,"NA","NA","NA"
2019-10-25,13:30:00,14:30:00,Séminaire invité,Timothée Poisot,D3-2040,Don't believe the hype - l'écologie n'est pas encore prête pour les données massives,https://poisotlab.io/,"NA",Azenor
2019-10-18,13:30:00,14:30:00,Séminaire invité,Brendon Larson,D3-2041,"“Our Earth is on Fire!”: Despair, Hope, and Ecology in the Anthropocene",http://brendonlarson.com/,"NA",Mark
2019-10-15,12:00:00,13:00:00,ÉcoÉvo,Dany Garant,D3-2042,"Souris, îles et génomique","NA","NA","NA"
2019-10-15,09:00:00,-,Réunion,Esther Carle-Pruneau,D7-2022,Rencontre annuelle du CSBQ,"NA","NA","Audrey, Esther, Chelsey"
2019-10-08,13:30:00,14:30:00,Séminaire invité,Aerin Jacob,D7-2023,"From Yellowstone to Yukon: Science, policy, and action to protect and connect large landscapes",http://www.aerinjacob.ca/,"NA",Marco
2019-10-07,12:00:00,13:00:00,Éco-Whatever,Amy Wotherspoon,D3-2042,Are university professors good teachers?,https://www.theglobeandmail.com/news/national/education/new-breed-of-university-faculty-puts-focus-on-teaching-over-research/article14117866/,"NA","NA"
2019-09-30,12:00:00,13:00:00,Éco-Whatever,Christine Ouellet,D3-2042,Motivations et réticences d'une étudiante graduée dans un cheminement de formation continue,"NA","NA","NA"
2019-09-24,12:30:00,-,Conférence,Dominique Gravel et Louis-Paul Rivest,D2-1060,"Lancement d'ALEA, nouveau Groupe d'experts en traitement et analyse de données scientifiques de l'UdeS avec conférence de L.-P. Rivest","NA","NA","NA"
2019-09-23,12:00:00,13:00:00,Éco-Whatever,F. Cardou et M. Vellend,D3-2042,"Utilisation de cibles quantitatives comme manière d’atteindre des objectifs d’équité, de diversité et d’inclusion (EDI) en Sciences",https://dynamicecology.wordpress.com/2019/09/09/equity-and-diversity-targets-in-science-your-thoughts-please-guest-post-with-poll/,"NA","NA"
2019-09-16,12:00:00,13:00:00,Midi-numérique,Dominique Gravel,D3-2042,Co-occurrence et interactions entre espèces,"NA","NA","NA"
2019-09-13,09:00:00,10:00:00,Séminaire étudiant,Françoise Cardou,D4-2019,Développement d’un indicateur d’intégrité écologique en milieux anthropisés : application l’approche par traits fonctionnels,"NA","NA","NA"
2019-09-09,12:00:00,13:00:00,Midi-vég,Mark Vellend,D3-2042,The global tree restoration potential,https://doi.org/10.1126/science.aax0848,"NA","NA"
2019-09-03,12:00:00,13:00:00,Séminaire invité,Naoto Shinohara,D7-2016,"Assembly dynamics of multi-trophic level communities: a test in plant
and herbivorous insect communities in grasslands",https://open703sesami.wixsite.com/website,"NA",Mark
2019-08-18,-,-,École d'été,D. Gravel et G. Blanchet,Orford Musique,"École d'été en modélisation de la biodiversité, 18-23 août 2019",https://www.usherbrooke.ca/sciences-ete/fr/modelisation-de-la-biodiversite/accueil-modelisation-de-la-biodiversite/,"NA","NA"
2019-08-06,10:00:00,11:00:00,Initiation à la recherche,Mark Vellend,D3-2034,"Audrey Vallée, Émilie Desjardins, Alexandre Carbonneau","NA","NA","NA"
2019-06-25,13:30:00,16:30:00,Soutenance,Francisco Neira,D7-2016,Valorisation socioculturelle de la biodiversité dans deux systèmes socioécologiques du sud de l'amazonie équatorienne,"NA","NA","NA"
2019-06-21,13:30:00,14:30:00,Séminaire étudiant,Francisco Neira,D7-2016,Valorisation socioculturelle de la biodiversité dans deux systèmes socioécologiques du sud de l'amazonie équatorienne,"NA","NA","NA"
2019-05-23,09:00:00,12:00:00,Soutenance,Limoilou-Amélie Renaud,D7-2021,"Influence de la variabilité environnementale sur les traits maternels d’un grand mammifère, le mouflon d’Amérique.","NA","NA","NA"
2019-05-13,"NA","NA",Colloque,R à Québec 2019,ULaval,"U. Laval, 13-15 mai 2019",http://raquebec.ulaval.ca/2019/,"NA","NA"
2019-05-01,"NA","NA",Colloque,CEF 2019,UQAC,"UQAC, 1-3 mai 2019",http://www.cef-cfr.ca/index.php?n=Colloque.Colloque2019,"NA","NA"
2019-04-24,09:00:00,12:00:00,Soutenance,Philippine Gossieaux,A1-228,Impacts des ensemencements et de l'introgression génétique sur les populations d'ombles de fontaine (salvelinus fontinalis),"NA","NA","NA"
2019-04-19,13:30:00,14:30:00,Séminaire invité,Tanya Handa,UQAM,Taking a bite out of trophic interaction complexity in forest soil food webs,http://www.cef-cfr.ca/index.php?n=Membres.TanyaHanda,"NA",Dominique
2019-04-15,10:00:00,11:30:00,Initiation à la recherche,Mark Vellend,D7-2016,"ECL617-619, Léa R., Cyrille V. et Gabriel B.","NA","NA","NA"
2019-04-12,13:30:00,14:30:00,Séminaire invité,Shelly Rayback,D3-2041,Influence of climate on a temperate forest tree species' response to rising CO2,https://www.uvm.edu/cas/geography/profiles/shelly-rayback,"NA",Amanda
2019-04-11,09:30:00,15:30:00,Séminaire étudiant,Dany Garant,D7-2016,"PBI 702 et 706, 9:30-11:30 et 13:00-15:00, M.-C. Poisson, S. Préfontaine, V. Lemieux, P.-O. Cusson, A. Cameron, K. Hébert, A. Oliveira-Xavier, B. Larue et L. Brown","NA","NA","NA"
2019-04-10,09:00:00,16:00:00,Séminaire étudiant,"NA",D7-2023,PBI-700 9:00-12:00 et 13:00-16:00,"NA","NA","NA"
2019-04-09,13:00:00,17:00:00,Atelier,Limoilou-Amélie Renaud,D7-3015,CSBQ Analyses multivariées avancées,"NA","NA","NA"
2019-04-08,12:00:00,13:00:00,Midi-numérique,Willian Vieira,D3-2042,Integrated integral projection models (IPM²),https://doi.org/10.1002/ecm.1364,"NA","NA"
2019-04-05,13:30:00,14:30:00,Séminaire invité,Daniel Munro,D3-2041,"Physiologie mitochondriale comparée: longévité, tolérance à l'hypoxie et adaptation au froid",https://www.researchgate.net/profile/Daniel_Munro,"NA",Marc
2019-04-04,12:00:00,13:00:00,ÉcoÉvo,Limoilou et Pier-Olivier,D4-2019,Répétabilité,"NA","NA","NA"
2019-04-03,12:00:00,13:00:00,Journal Club,Marie-Christine Poisson,D3-2031,"Impact on environment, ecosystem, diversity and health from culturing and using GMOs as feed and food",https://doi.org/10.1016/j.fct.2017.06.033,"NA","NA"
2019-04-01,12:00:00,13:00:00,Éco-Whatever,Azenor et Willian,D3-2042,Les études graduées et la suite,https://www.youtube.com/watch?v=rHItLGBPsJ8,"NA","NA"
2019-03-29,13:30:00,14:30:00,Séminaire invité,Robin Naidoo,D3-2041,Ecological and socioeconomic aspects of large-scale conservation in southern Africa,https://www.worldwildlife.org/experts/robin-naidoo,"NA",Mark
2019-03-27,13:30:00,14:30:00,Séminaire invité,Gabriel Ramos-Fernandez,D7-2023,Collective cognition in the wild: distributed foraging and pooling of information in heterogeneous environments.,https://www.researchgate.net/profile/Gabriel_Ramos-Fernandez,"NA",Sophie
2019-03-27,12:00:00,13:00:00,Journal Club,Benjamin Larue,D3-2031,The missing response to selection in the wild,https://doi.org/10.1016/j.tree.2018.02.007,"NA","NA"
2019-03-26,13:00:00,17:00:00,Atelier,Limoilou-Amélie Renaud,D7-3015,CSBQ Analyses multivariées,"NA","NA","NA"
2019-03-26,09:00:00,12:00:00,Soutenance,Adriana Raquel Aguilar Melo,A1-228,Écologie de la dynamique de fission-fusion chez les singes-araignées (Ateles geoffroyi),"NA","NA","NA"
2019-03-25,12:00:00,13:00:00,Midi-vég,Anna Leigh Crofts,D3-2042,Tree-specific biogeochemical footprints ?,https://doi.org/10.1111/nph.14452,"NA","NA"
2019-03-22,13:30:00,14:30:00,Séminaire invité,Reporté au 26 avril,D3-2041,Reporté au 26 avril,"NA","NA",Mark
2019-03-21,12:00:00,13:00:00,ÉcoÉvo,Émilie Lefol,D4-2019,Les tactiques de reproduction chez l'Hirondelle bicolore,"NA","NA","NA"
2019-03-20,12:00:00,13:00:00,Journal Club,Pier-Olivier Cusson,D3-2031,Are wolves saving Yellowstone's aspen? A landscape‐level test of a behaviorally mediated trophic cascade: comment,https://doi.org/10.1890/11-0063.1,"NA","NA"
2019-03-18,12:00:00,13:00:00,Midi-numérique,Francois Rousseu,D3-2042,Utilisation des simulations pour la vérification des modèles statistiques,https://cran.r-project.org/web/packages/DHARMa/vignettes/DHARMa.html,"NA","NA"
2019-03-13,12:00:00,13:00:00,Journal Club,Bill Shipley,D3-2031,Rare species occupy uncommon niches?,https://www.nature.com/articles/srep06012,"NA","NA"
2019-03-12,13:00:00,17:00:00,Atelier,Amaël Lesquin,D7-3015,CSBQ Modèles additifs généralisés,"NA","NA","NA"
2019-03-11,12:00:00,13:00:00,Éco-Whatever,Katherine Hébert,D3-2042,Comment optimiser le financement de grands projets comme le National Ecological Observatory Network?,http://science.sciencemag.org/content/328/5977/418,"NA","NA"
2019-02-26,13:00:00,17:00:00,Atelier,Pauline Toni et Émilie Lefol,D7-3015,CSBQ Modèles linéaires généralisés mixtes,"NA","NA","NA"
2019-02-25,12:00:00,13:00:00,Midi-vég,Ming et Amaël,D3-2042,"How to predict plant migration,  https://doi.org/10.1111/gcb.13847, https://doi.org/10.1111/1365-2664.12701",https://doi.org/10.1111/1365-2664.12701,"NA","NA"
2019-02-22,13:30:00,14:30:00,Séminaire invité,Alessio Mortelliti,D3-2041,Food for thought: ecological consequences of personality in small mammals,https://alessiomortelliti.weebly.com/,"NA",Dany
2019-02-21,12:00:00,13:00:00,ÉcoÉvo,Audrey Turcotte,D4-2019,Présentation de mon projet de doctorat,"NA","NA","NA"
2019-02-20,12:00:00,13:00:00,Journal Club,Marco Festa-Bianchet,D3-2031,"No evidence for sibling or parent–offspring coadaptation in a wild population of blue tits, despite high power",https://doi.org/10.1111/evo.13642,"NA","NA"
2019-02-18,12:00:00,13:00:00,Midi-numérique,David Watts,D3-2042,Les différentes façons de mesurer la diversité,https://onlinelibrary.wiley.com/doi/full/10.1007/s10144-006-0026-0,"NA","NA"
2019-02-15,13:30:00,14:30:00,Séminaire invité,Dylan Fraser,D3-2041,Adaptation or extirpation: will small populations persist in the face of environmental change ?,http://www.dylanfraser.com/,"NA",Philippine (Dany)
2019-02-13,12:00:00,13:00:00,Journal Club,Marco Festa-Bianchet,D3-2031,Explication du fonctionnement,"NA","NA","NA"
2019-02-12,13:00:00,17:00:00,Atelier,Pauline Toni et Émilie Lefol,D7-3015,CSBQ Modèle linéaire mixte,"NA","NA","NA"
2019-02-11,12:00:00,13:00:00,Éco-Whatever,Christina et Anna,D3-2042,"L’état actuel (et futur) d'équité, de diversité et d'inclusion en écologie",http://blog.aspb.org/equality-and-diversity/,"NA","NA"
2019-02-08,13:30:00,14:30:00,Séminaire invité,Jonathan Verreault,D3-2041,De l'iPhone à la faune: les goélands entant qu’indicateurs des sources et des effets des contaminants dans les régions urbaines,http://www.toxen.uqam.ca/Jonathan_Verreault.html,"NA",Ludovick (labo Fanie)
2019-02-04,12:00:00,13:00:00,Midi-vég,Mark Vellend,D3-2042,Dispersal increases ecological selection by increasing effective community size,https://doi.org/10.1073/pnas.1812511115,"NA","NA"
2019-02-01,13:30:00,14:30:00,Séminaire invité,Piero Calosi,D3-2041,"Global changes, evolution and the 6th mass extinction",https://www.uqar.ca/universite/a-propos-de-l-uqar/departements/departement-de-biologie-chimie-et-geographie/calosi-piero,"NA",Dominique
2019-01-28,12:00:00,13:00:00,Midi-numérique,Dominique,D8-3001,Solution à un problème mystère dans les analyses de S.,"NA","NA","NA"
2019-01-24,12:00:00,13:00:00,ÉcoÉvo,Daniel Garrett,D4-2019,Preliminary results from the first chapter of my thesis (suspense),"NA","NA","NA"
2019-01-21,12:30:00,13:30:00,Éco-Whatever,François Cardou,D3-2042,Comment définir une communauté écologique?,http://mvellend.recherche.usherbrooke.ca/discussion.htm,"NA","NA"
2019-01-18,13:30:00,14:30:00,Séminaire invité,François Claveau,D3-2041,Une introduction à l'épistémologie pratique: comment la diversité des données probantes peut confirmer une hypothèse?,https://www.epistemopratique.org/,"NA",Amael (labo Dominique)
2019-01-14,12:30:00,13:30:00,Midi-vég,Diego Dos Santos,D3-2042,The role of functional redundancy in ecosystem processes,http://mvellend.recherche.usherbrooke.ca/discussion.htm,"NA","NA"
2018-12-19,12:00:00,13:00:00,ÉcoÉvo,Oldrich Tomasek,D3-2031,"Condition-dépendance des ornements sexuels secondaires, physiologie du vieillissement, évolution des traits d'histoire de vie et écologie du stress oxydatif.","NA","NA","NA"
2018-12-10,"NA","NA",Colloque,CSBQ,Concordia,"Colloque CSBQ 2018, 10-12 décembre",https://qcbs.ca/fr/colloque-2018/,"NA","NA"
2018-12-07,13:30:00,14:30:00,Séminaire invité,Elsa Goerig,D3-2035,Conservation des populations de poissons grâce à la connectivité du paysage fluvial: aspects biomécaniques et comportementaux,https://www.researchgate.net/profile/Elsa_Goerig,"NA",Marco
2018-12-07,10:00:00,12:00:00,Stage MÉI,Caroline Cloutier,D4-2020,Présentation de stage des étudiants à la Maîtrise en écologie internationale,"NA","NA","NA"
2018-12-06,09:30:00,12:00:00,Séminaire étudiant,Dany Garant,D3-2039,"PBI 702, 706 et 708. Philippine G., Diane A.-L., Carolyne H. et Chiara C.","NA","NA","NA"
2018-12-05,13:00:00,17:00:00,Séminaire étudiant,Marc Bélisle,D3-2035,Séminaire I PBI 700,"NA","NA","NA"
2018-12-05,09:00:00,12:00:00,Séminaire étudiant,Marc Bélisle,D3-2034,Séminaire I PBI 700,"NA","NA","NA"
2018-12-04,13:00:00,17:00:00,Atelier,Azenor Bideault,D4-2025,Atelier R du CSBQ Programmation avec R,"NA","NA","NA"
2018-12-03,12:00:00,13:00:00,Éco-Whatever,Azenor Bideault,D4-2019,Potluck de Noël!,https://lite.framacalc.org/potluck-de-noel,"NA","NA"
2018-12-03,10:00:00,14:20:00,Initiation à la recherche,Dany Garant,D7-2021,"ECL 618, 10h-11h40 et 13h-14h20, Camille B., Antoine P.-R., Xavier L., Catherine B., Vincent B., Mathias G.-B., Gabrielle R.-L., Antoine H. et David B.","NA","NA","NA"
2018-11-30,13:30:00,14:30:00,Séminaire invité,Iulia Badescu,D3-2035,Primate Infant Care and Development: Implications for Human Evolution,https://anthropo.umontreal.ca/repertoire-departement/vue/badescu-iulia/,"NA",Sophie
2018-11-27,"NA","NA",Atelier,Richard Fournier,UdeS,"Atelier sur le LiDAR terrestre par visioconférence, utilisation de nuages de points haute densité pour l'écologie forestière, 27 et 28 novembre",http://www.cef-cfr.ca/uploads/Actualit%e9/Inscription_Atelier_LiDAR-t_Nov2018.pdf,"NA","NA"
2018-11-26,12:00:00,13:00:00,Midi-vég,Christina Rinas,D8-3001,L'utilisation de la modélisation afin de prédire la réponse d’une plante rare aux changements climatiques,https://doi.org/10.1016/j.biocon.2015.10.010,"NA","NA"
2018-11-23,13:30:00,14:30:00,Séminaire invité,Étienne Low-Decarie,D3-2035,"Écologie et évolution en milieu aquatique : connaissances pour un monde en changement / Aquatic ecology and evolution for a changing world
 ",http://etiennelowdecarie.org/,"NA",Stéphanie
2018-11-22,12:00:00,13:00:00,ÉcoÉvo,"Valérie, Audrey, Marie-Christine",D3-2021,Les uscores,"NA","NA","NA"
2018-11-20,13:00:00,17:00:00,Atelier,Amaël Lesquin,D4-2025,Atelier R du CSBQ Modèles linéaires,"NA","NA","NA"
2018-11-20,09:00:00,12:00:00,Soutenance,Allison Mackay,D7-2016,Conséquences écologiques et évolutives de l'asynchronie de la date de mise bas chez le kangourou gris de l'est (Macropus giganteus) dans un environnement imprévisible,"NA","NA","NA"
2018-11-19,12:00:00,13:00:00,Midi-numérique,Amaël Lesquin,D3-2042,La compréhension d'équations mathématiques dans les papiers,https://elifesciences.org/articles/40018,"NA","NA"
2018-11-16,"NA","NA",Congrès,SQEBC,UQTR,"43e congrès de la SQEBC, 16-18 novembre",https://oraprdnt.uqtr.uquebec.ca/pls/public/gscw030?owa_no_site=5545,"NA","NA"
2018-11-14,12:00:00,13:00:00,Conférence,Calcul Québec,D3-1058,"Outils de paramétrisation des tâches : lots de tâches, GNU Parallel, et bqT...",https://www.eventbrite.ca/o/calcul-quebec-8295332683,"NA","NA"
2018-11-12,12:00:00,13:00:00,Éco-Whatever,Willian Vieira,D3-2042,Are theoretical results real?,https://elifesciences.org/articles/40018,"NA","NA"
2018-11-09,13:30:00,14:30:00,Séminaire invité,Marco Festa-Bianchet,D3-2035,Stratégies de reproduction et dynamiques de population chez les kangourous gris de l'est,https://twitter.com/festa_bianchet?lang=en,"NA",Marco
2018-11-08,12:00:00,13:00:00,ÉcoÉvo,Luca Montana,D3-2031,Considérations spatiales dans l'analyse du succès reproducteur chez les mâles kangourous,"NA","NA","NA"
2018-11-06,13:00:00,16:30:00,Formation,Calcul Québec,UdeS,Introduction à la programmation en Python,https://www.eventbrite.ca/o/calcul-quebec-8295332683,"NA","NA"
2018-11-06,13:00:00,17:00:00,Atelier,Luca Montana,D4-2025,"Atelier R du CSBQ Introduction à ggplot2, tidyr and dplyr","NA","NA","NA"
2018-11-05,12:00:00,13:00:00,Midi-vég,David W. et Françoise C.,D3-2042,La phytosociologie et sa relation avec l'écologie végétale,https://doi.org/10.1111/j.1654-1103.2003.tb02154.x,"NA","NA"
2018-10-29,12:00:00,13:00:00,Midi-numérique,Kate Wootton,D3-2042,Matching-centrality decomposition and the forecasting of new links in networks,https://ielab.recherche.usherbrooke.ca/meetings/,"NA","NA"
2018-10-25,12:00:00,13:00:00,ÉcoÉvo,Carolyne Houle,D3-2031,La personnalité animale et la densité,https://doi.org/10.1111/ele.12584,"NA","NA"
2018-10-24,13:00:00,16:30:00,Formation,Calcul Québec,UdeS,Premiers pas sur les serveurs de calcul,https://www.eventbrite.ca/o/calcul-quebec-8295332683,"NA","NA"
2018-10-23,13:00:00,17:00:00,Atelier,Benjamin Marquis,D4-2025,Atelier R du CSBQ Charger et manipuler des données,"NA","NA","NA"
2018-10-22,12:00:00,13:00:00,Midi-numérique,Guillaume Blanchet,D3-2042,Les modèles mixtes,https://ielab.recherche.usherbrooke.ca/meetings/,"NA","NA"
2018-10-19,13:30:00,14:30:00,Séminaire invité,Nate Sanders,D3-2035,Using macroecological models and mechanistic experiments to understand biodiversity (of ants) in a changing world,http://www.natesanders.org/,"NA",Mark
2018-10-15,15:30:00,14:30:00,Séminaire,Pierre Dutilleul,D4-2019,"Multi-fractals, statistiques spatiales, et structures végétales vues par les yeux d'un tomodensitomètre, Séminaire statistique Sherbrooke","NA","NA","NA"
2018-10-12,13:30:00,14:30:00,Séminaire invité,Kévin Cazelles,D3-2035,Do biotic interactions impact geographic range limits of species?,https://kevcaz.github.io/,"NA",Azenor
2018-10-11,12:00:00,13:00:00,ÉcoÉvo,Marco Festa-Bianchet,D3-2031,Dynamique des populations d'ongulés de montagne et histoires mystérieuses,"NA","NA","NA"
2018-10-11,09:00:00,12:00:00,Réunion,Azenor Bideault,D7-2023,Déjeuner-café-rencontre pour les étudiants en écologie,"NA","NA","NA"
2018-10-10,13:00:00,16:30:00,Formation,Calcul Québec,UdeS,Introduction à Linux,https://www.eventbrite.ca/o/calcul-quebec-8295332683,"NA","NA"
2018-10-02,12:00:00,13:00:00,Midi-vég,Diane Auberson-Lavoie,D3-2042,Growth rate of Trille rouge with truncated/censored data,"NA","NA","NA"
2018-09-28,13:30:00,14:30:00,Séminaire invité,Emily Meineke,D3-2035,Herbivory through the ages: Biological collections as a key resource for understanding species interactions over the past century,https://emilymeineke.com/,"NA","NA"
2018-09-24,12:00:00,13:00:00,Éco-Whatever,Dominique Gravel,D8-1007,Peer Community in Ecology,http://mvellend.recherche.usherbrooke.ca/discussion.htm,"NA","NA"
2018-09-21,13:30:00,14:30:00,Séminaire invité,Mathilde Tissier,D3-2035,Find food fast but don't become fast-food: the dilemma of the endangered European hamster in intensive farmlands,https://mathildetissier0.wixsite.com/mathildetissier,"NA","NA"
2018-09-18,12:00:00,13:00:00,Réunion,Bill Shipley,D4-2019,Réunion de la rentrée pour les écologistes,"NA","NA","NA"
2018-09-17,12:00:00,13:00:00,Éco-Whatever,Azenor et Stéphanie,D8-3001,How to review a paper,http://mvellend.recherche.usherbrooke.ca/discussion.htm,"NA","NA"
2018-09-10,12:00:00,13:00:00,Midi-vég,Mark Vellend,D3-2042,Les conséquences écologiques de la fragmentation de l'habitat,http://mvellend.recherche.usherbrooke.ca/discussion.htm,"NA","NA"
2018-09-07,13:30:00,14:30:00,Séminaire invité,Cory Merow,D3-2035,On attempts to forecast ecological responses to global change,https://cmerow.github.io/,"NA","NA"
2018-08-30,10:30:00,11:30:00,Séminaire étudiant,Vincent et Nadine,D7-2021,"PBI 702, Vincent Lemieux et Nadine Blais","NA","NA","NA"
2018-08-28,12:00:00,13:00:00,Initiation à la recherche,Dany Garant,D7-2021,"ECL618, Gaby Dupont et Audrey Maynard","NA","NA","NA"
2018-08-19,"NA","NA",École d'été,Dominique Gravel,"NA","École d'été en modélisation de la biodiversité, 19-24 août, Orford Musique",https://ielab.recherche.usherbrooke.ca/schools,"NA","NA"
2018-07-09,09:00:00,12:00:00,Soutenance,Antoine Becker Scarpitta,A1-228,Dynamique temporelles des communautés végétales forestières en réponse aux changements globaux. Approche comparative entre Bryophytes et Trachéophytes via l'écologie historique,"NA","NA","NA"
2018-06-12,09:00:00,12:00:00,Soutenance,Philippe Desjardins-Proulx,D3-1058,Révision automatique de théories écologiques,"NA","NA","NA"
2018-05-30,13:30:00,"NA",Soutenance,Martin Leclerc,A1-228,Conséquences écologiques et évolutives de la chasse chez l’ours brun (Ursus arctos) scandinave,"NA","NA","NA"
2018-05-11,13:30:00,14:30:00,Séminaire invité,Dominique Fauteux,D3-2041,La boîte à lunch de l'Arctique: contrôle des lemmings par la prédation,https://scholar.google.ca/citations?user=WtQN5x4AAAAJ&hl=en,"NA","NA"
2018-05-11,09:30:00,12:00:00,Atelier,Dominique Fauteux,D4-2019,"Capture-marquage-recapture spatialement explicite, suite","NA","NA","NA"
2018-05-10,13:30:00,16:00:00,Atelier,Dominique Fauteux,D4-2019,Capture-marquage-recapture spatialement explicite,"NA","NA","NA"
2018-05-09,11:00:00,12:00:00,Séminaire invité,Isabelle Laforest-Lapointe,D7-2023,Interactions hôte-microbiome : Qui mène le bal ? (Conférences MicroBioMoléculaires),https://isabellelaforestlapointe.wordpress.com/,"NA","NA"
2018-05-09,09:00:00,"NA",Soutenance,Lou Lecuyer,D3-2035,Social justice and environmental integrity in biodiversity conflicts: searching for common ground and sustainability in the conservation of jaguar (Panthera onca),"NA","NA","NA"
2018-05-08,13:30:00,14:30:00,Séminaire invité,John Linnell,D3-2041,Conserving large carnivores in Europe’s human-dominated landscapes: the need for multiple disciplinary perspectives,"NA","NA","NA"
2018-05-07,13:30:00,"NA",Soutenance,Idaline Laigle,D3-2038,Évaluation intégrée des prélèvements de biomasse forestière sur la biodiversité et le fonctionnement des écosystèmes,"NA","NA","NA"
2018-04-30,"NA","NA",Colloque,CEF,ULaval,30 avril - 2 mai,http://www.cef-cfr.ca/index.php?n=Colloque.Colloque2018,"NA","NA"
2018-04-30,"NA","NA",École d'été,Bill Shipley,"NA","École d'été sur les analyses de pistes, 30 avril au 4 mai, UdeS",http://www.billshipley.recherche.usherbrooke.ca/summer%20school%20path%20analysis.htm,"NA","NA"
2018-04-25,12:00:00,13:00:00,ÉcoÉvo,Yoanna Poisson,D7-2016,"Information sociale, apprentissage et prise de décision",https://doi.org/10.1016/j.tree.2005.01.010,"NA","NA"
2018-04-23,12:00:00,13:00:00,Midi-vég,Christina Rinas,D3-2042,Testing the causes of species range limits,http://www.jstor.org/stable/3244840,"NA","NA"
2018-04-18,08:30:00,11:30:00,Séminaire étudiant,Limoilou Renaud,D4-2020,"Séminaire II de doc, PBI 708, Adriana A., Antoine B. S., Limoilou R.","NA","NA","NA"
2018-04-16,12:00:00,13:00:00,Midi-numérique,Guillaume Blanchet,D3-2042,La reproductibilité en science,http://journals.plos.org/ploscompbiol/article?id=10.1371/journal.pcbi.1003285,"NA","NA"
2018-04-12,12:00:00,13:00:00,Réunion,Audrey Bourret,D3-2031,Midi-discussion: Perspective après les études,"NA","NA","NA"
2018-04-11,12:00:00,13:00:00,ÉcoÉvo,Pauline et Luca,D3-2037,Pourquoi la croissance indéterminée se maintient au niveau évolutif?,https://onlinelibrary.wiley.com/doi/pdf/10.1046/j.1420-9101.1999.00044.x,"NA","NA"
2018-04-09,12:00:00,13:00:00,Éco-Whatever,Françoise Cardou,D3-2042,"Le rôle de l'écologie dans le développement de politiques environnementales, ce qu'elle peut faire (ou pas).",http://mvellend.recherche.usherbrooke.ca/discussion.htm,"NA","NA"
2018-04-06,13:30:00,14:30:00,Séminaire invité,Thomas Merkling,D3-2041,Comment mieux comprendre les variations du sexe-ratio de la descendance chez les vertébrés?,https://sites.google.com/site/merklingthomas/,"NA","NA"
2018-04-05,09:00:00,11:00:00,Séminaire étudiant,Marc Bélisle,D7-2023,PBI 700 Séminaire I de maîtrise,"NA","NA","NA"
2018-04-04,09:00:00,12:00:00,Séminaire étudiant,Marc Bélisle,D7-2023,PBI 700 Séminaire I de maîtrise,"NA","NA","NA"
2018-04-03,13:30:00,15:00:00,Séminaire étudiant,Robert Bradley,D7-2023,"PBI 702 - PBI 706, Christina R., Daniel G., Benjamin L.","NA","NA","NA"
2018-04-03,10:30:00,12:00:00,Séminaire étudiant,Robert Bradley,D7-2023,"PBI 702 - PBI 706, Claude N., Krista R., Yoanna P.","NA","NA","NA"
2018-03-28,12:30:00,13:30:00,ÉcoÉvo,Victor Grivegnée-Dumoulin,D3-2037,"Initiation à la recherche, réintroduction de perroquets en Équateur","NA","NA","NA"
2018-03-26,13:15:00,17:15:00,Atelier,Antoine et Mathilde,D7-2021,Analyses multivariées avancées,"NA","NA","NA"
2018-03-26,12:00:00,13:00:00,Midi-numérique,Limoilou et François,D3-2042,NDVI: un indice de la végétation,"NA","NA","NA"
2018-03-23,13:30:00,14:30:00,Séminaire invité,Margaret Kalacska,D3-2041,Ecological applications of remote sensing from the leaf level to ecosystems,https://mbasss.geog.mcgill.ca/kalacska/,"NA","NA"
2018-03-21,09:30:00,16:30:00,Atelier,Azenor Bideault,D7-2023,"Introduction au design graphique et à la manipulation d’images avec des logiciels libres (GIMP, Inkscape)","NA","NA","NA"
2018-03-19,12:00:00,13:00:00,Éco-Whatever,Adriana Aguilar,D3-2042,Activity synchronization and collective decision making in groups of animals,http://mvellend.recherche.usherbrooke.ca/discussion.htm,"NA","NA"
2018-03-16,13:30:00,14:30:00,Séminaire invité,Arne Mooers,D3-2041,Hitting the conservation nail with our phylogenetics hammer,https://arnemooerssite.wordpress.com/,"NA","NA"
2018-03-12,13:15:00,17:15:00,Atelier,Antoine et Mathilde,D7-2021,Analyses multivariées,"NA","NA","NA"
2018-03-01,11:00:00,12:00:00,Journal Club,Vincent Lemieux,D7-2016,Plasticité phénotypique dans un contexte de changements climatiques,"NA","NA","NA"
2018-02-28,12:00:00,13:00:00,ÉcoÉvo,Limoilou et Philippine,D3-2037,"Taille de population, rescousse génétique et gestion des populations","NA","NA","NA"
2018-02-26,13:15:00,17:15:00,Atelier,Amaël LeSquin,D7-2021,Modèles additifs généralisés GAM,"NA","NA","NA"
2018-02-26,12:00:00,13:00:00,Midi-numérique,François Rousseu,D3-2042,Stratégies de débogage dans R,"NA","NA","NA"
2018-02-23,13:30:00,14:30:00,Séminaire invité,Éric Harvey,D3-2041,Une approche méta-écosystémique pour la conservation des habitats aquatiques,http://ericharvey.weebly.com/,"NA","NA"
2018-02-19,12:00:00,13:00:00,Éco-Whatever,Diane Auberson-Lavoie,D3-2042,Utilisation des caméras pour estimer l'abondance des animaux,http://mvellend.recherche.usherbrooke.ca/discussion.htm,"NA","NA"
2018-02-16,13:30:00,14:30:00,Séminaire invité,Vincent Fugère,D3-2041,Réponse éco-évolutive des communautés aquatiques à l'utilisation des terres,https://vfugere.weebly.com/,"NA","NA"
2018-02-15,"NA","NA",Colloque,CEN,UdeS,15 - 16 février,http://www.cen.ulaval.ca/page.php?lien=colloque2018,"NA","NA"
2018-02-14,12:00:00,13:00:00,ÉcoÉvo,Julie et Sacha,D3-2037,"Analyses de risques et de survie II, lire l'article!","NA","NA","NA"
2018-02-12,13:15:00,17:15:00,Atelier,Amaël LeSquin,D7-2021,Modèles linéaires généralisés mixtes GLMM,"NA","NA","NA"
2018-02-12,12:00:00,13:00:00,Midi-vég,Antoine Becker Scarpitta,D3-2042,Les distances en écologie,"NA","NA","NA"
2018-02-09,13:30:00,14:30:00,Séminaire invité,Raphaël Proulx,D3-2041,"Scape ecology: a tale of colors, sounds and smell",https://scholar.google.ca/citations?user=6dVVAwsAAAAJ&hl=en,"NA","NA"
2018-02-06,12:00:00,13:00:00,Réunion,Audrey Bourret,D3-2031,Midi-discussion: Le stress et comment le gérer,"NA","NA","NA"
2018-02-05,12:00:00,13:00:00,Midi-numérique,Amaël LeSquin,D3-2042,Valeurs propres et vecteurs propres,"NA","NA","NA"
2018-02-02,13:30:00,14:30:00,Séminaire invité,Lawrence Flanagan,D3-2041,Ecosystem-atmosphere interactions and water-use in cottonwood riparian forests,http://scholar.ulethbridge.ca/lbflanagan/current-research,"NA","NA"
2018-01-31,14:00:00,16:00:00,Formation,Audrey Bourret,D7-2021,R Markdown,"NA","NA","NA"
2018-01-31,12:00:00,13:00:00,ÉcoÉvo,Sacha et Julie,D3-2037,Analyses de risques et de survie,"NA","NA","NA"
2018-01-29,13:15:00,17:15:00,Atelier,Limoilou Renaud,D7-2021,Modèles linéaires mixtes LMM,"NA","NA","NA"
2018-01-29,12:00:00,13:00:00,Éco-Whatever,Amanda Young,D3-2042,Liabilities of science and scientists,http://mvellend.recherche.usherbrooke.ca/discussion.htm,"NA","NA"
2018-01-22,12:00:00,13:00:00,Réunion,Mark Vellend,D4-2020,"Discussion sur les discussions (Midi-vég, Midi-numérique, Anglosaboteurs)",http://neuromechanicslab.emory.edu/documents/advice-docs/Labmeetings.pdf,"NA","NA"
2018-01-17,12:00:00,13:00:00,ÉcoÉvo,Martin et Joanie,D3-2037,Sélection artificielle,"NA","NA","NA"
2017-12-08,09:00:00,15:20:00,Séminaire étudiant,Caroline Cloutier,D4-2020,Présentations des stages en écologie internationale,"NA","NA","NA"
2017-12-07,08:30:00,12:10:00,Séminaire étudiant,Robert Bradley,D7-2023,"PBI-702, 706, 708, W. Vieira, D Scott, M.-L. Lécuyer, A. Bideault et M. Leclerc","NA","NA","NA"
2017-12-06,14:00:00,17:00:00,Séminaire étudiant,Dany Garant,D4-2019,Présentations orales d’initiation à la recherche (ECL618-619),"NA","NA","NA"
2017-12-05,13:00:00,17:00:00,Atelier,Amael Le Squin,D7-3020,Programmation avec R,http://qcbs.ca/wiki/r,"NA","NA"
2017-12-04,12:00:00,13:00:00,Midi-numérique,Idaline Laigle,D3-2042,Modèles de dynamique de population,"NA","NA","NA"
2017-12-04,08:30:00,12:30:00,Séminaire étudiant,Marc Bélisle,D6-2044,"Séminaire I, PBI-700, Stéphanie P., Carolyne H., Benjamin L.","NA","NA","NA"
2017-12-01,13:30:00,14:30:00,Séminaire invité,Amanda Young,D3-2035,Species coexistence and segregation in an alpine forest in Central Japan,"NA","NA","NA"
2017-11-29,12:00:00,13:00:00,ÉcoÉvo,Daniel Garrett,D3-2034,"NA","NA","NA","NA"
2017-11-28,12:00:00,13:00:00,Réunion,Audrey Bourret,D3-2029,Midi-discussion: Bâtir son réseau de contacts,"NA","NA","NA"
2017-11-27,12:00:00,13:00:00,Anglosaboteurs,Krista Reicis,D3-2042,Reconciling plant strategy theories of Grime and Tilman,http://mvellend.recherche.usherbrooke.ca/discussion.htm,"NA","NA"
2017-11-24,13:30:00,14:30:00,Séminaire invité,Véronique Boucher-Lalonde,D3-2035,Climate and broad-scale patterns in species distributions,"NA","NA","NA"
2017-11-20,13:00:00,17:00:00,Atelier,Willian Vieira,D7-3020,Modèles linéaires,http://qcbs.ca/wiki/r,"NA","NA"
2017-11-20,12:00:00,13:00:00,Midi-vég,Willian et Azenor,D3-2042,Approches fondamentale et appliquée en écologie,http://mvellend.recherche.usherbrooke.ca/discussion.htm,"NA","NA"
2017-11-16,13:00:00,17:00:00,Soutenance,Yuanzhi Li,A6-1010,The structure and dynamics of functional space along spatial and temporal gradients,"NA","NA","NA"
2017-11-15,12:00:00,13:00:00,ÉcoÉvo,Benjamin Larue,D3-2034,Préférence d'habitat natal et compromis entre la croissance et la reproduction chez les ongulés,"NA","NA","NA"
2017-11-13,13:00:00,17:00:00,Colloque,Andrew Hendry,"Redpath museum auditorium, McGill",Evolutionary Foundations of Biodiversity Science,"NA","NA","NA"
2017-11-13,12:00:00,13:00:00,Midi-numérique,Azenor Bideault,D3-2042,La stabilité en écologie,"NA","NA","NA"
2017-11-10,13:30:00,14:30:00,Séminaire invité,Kathryn Elmer,D6-2044,Parallel and non-parallel evolution in northern freshwater fishes,"NA","NA","NA"
2017-11-07,13:00:00,17:00:00,Atelier,Antoine Becker,D7-3020,"Introduction à ggplot2, tidyr et dplyr",http://qcbs.ca/wiki/r,"NA","NA"
2017-11-06,12:00:00,13:00:00,Anglosaboteurs,David Watts,D3-2042,Open science in ecology,http://mvellend.recherche.usherbrooke.ca/Hampton_etal_2015_Ecosphere.pdf,"NA","NA"
2017-11-03,13:30:00,14:30:00,Séminaire invité,David Watts,D3-2035,"Arctic vegetation responses to global change: reproduction, growth and consequences for biodiversity","NA","NA","NA"
2017-10-31,12:00:00,13:00:00,Réunion,Audrey Bourret,D3-2029,Midi-discussion: Organiser sa recherche,"NA","NA","NA"
2017-10-30,12:00:00,13:00:00,Midi-vég,Michaël Belluau,D3-2034,Légitimité de l'observateur,"NA","NA","NA"
2017-10-24,13:00:00,17:00:00,Atelier,Julie Landes,D7-3020,Charger et manipuler des données,http://qcbs.ca/wiki/r,"NA","NA"
2017-10-23,12:00:00,13:00:00,Midi-numérique,Guillaume Blanchet,D3-2042,Approches bayésiennes et fréquentistes,"NA","NA","NA"
2017-10-20,13:30:00,14:30:00,Séminaire invité,Martin Béland,D3-2035,Application du Lidar en écologie forestière,"NA","NA","NA"
2017-10-20,09:00:00,12:00:00,Soutenance,Raphael Aussenac,UQAT,La relation diversité-stabilité dans les écosystèmes forestiers : mécanismes et implications face aux changements climatiques. Sous la direction de Dominique Gravel et disponible en webdiffusion.,https://uqat.hosted.panopto.com/Panopto/Pages/Sessions/List.aspx#folderID=%22a86568b9-e4d7-4888-a7fa-9285d097b782%22,"NA","NA"
2017-10-17,13:00:00,16:30:00,Atelier,Calcul Québec,"NA","Premiers pas sur les serveurs de calcul, Salon du Carrefour de l'information",https://www.eventbrite.ca/e/billets-premiers-pas-sur-les-serveurs-de-calcul-cq-u-sherbrooke-37943315478,"NA","NA"
2017-10-16,12:00:00,13:00:00,Anglosaboteurs,Amy Wotherspoon,D3-2034,Pseudoréplication,http://mvellend.recherche.usherbrooke.ca/discussion.htm,"NA","NA"
2017-10-13,13:30:00,14:30:00,Séminaire invité,Nicholas Gotelli,D3-2035,"Effects of climate warming and species interactions on the dynamics of colonization, extinction and species replacements: lessons from the Warm Ants experiment","NA","NA","NA"
2017-10-11,09:00:00,17:00:00,Atelier,Francois Rousseu,D4-2019,Atelier sur les tâches spatiales avec R,"NA","NA","NA"
2017-10-10,13:00:00,16:30:00,Atelier,Calcul Québec,"NA",Introduction à Linux,https://www.eventbrite.ca/e/billets-introduction-a-linux-cq-u-sherbrooke-37942681582,"NA","NA"
2017-10-06,13:30:00,14:30:00,Séminaire invité,Jie He,D3-2035,Évaluation économique des services écosystémiques,"NA","NA","NA"
2017-10-04,12:00:00,13:00:00,ÉcoÉvo,"Philippine, Pauline",D3-2034,Article sur le bet-hedging,"NA","NA","NA"
2017-09-29,09:00:00,12:00:00,Soutenance,Michaël Belluau,D7-2021,"Traits fonctionnels, tolérances et distributions des espèces herbacées sur un gradient de disponibilité en eau. Une approche prédictive par modèle d'équation structurale.","NA","NA","NA"
2017-09-25,12:30:00,13:30:00,Midi-numérique,Amaël LeSquin,D3-2042,Complex systems: ecology for bankers,http://www.nature.com/nature/journal/v451/n7181/full/451893a.html?foxtrotcallback=true,"NA","NA"
2017-09-22,13:30:00,14:30:00,Séminaire invité,Gabrielle Martin,D3-2035,"Vigie-Nature, des observatoires de sciences participatives pour un suivi de la biodiversité en France. Objectifs, mise en place et résultats.","NA","NA","NA"
2017-09-19,09:00:00,11:00:00,Réunion,Audrey Bourret,D3-2034,Déjeuner-café-rencontre pour les étudiants en écologie,"NA","NA","NA"
2017-09-18,12:00:00,13:00:00,Anglosaboteurs,Olusegun Oyewole,D3-2042,Système de micro-dialyse pour l'analyse de la disponibilité et du mouvement des éléments nutritifs dans le sol,"NA","NA","NA"
2017-09-11,12:00:00,13:00:00,Midi-vég,Mark Vellend,D3-2042,Changes in landscape-scale tree diversity since European settlement in eastern North America,http://mvellend.recherche.usherbrooke.ca/discussion.htm,"NA","NA"
2017-09-10,"NA","NA",Congrès,ÉCOVÉG13,"NA","Congrès international francophone en écologie végétale, Forêt Montmorency, Québec, 10-13 septembre",https://www.ecoveg.esad.ulaval.ca/,"NA","NA"
2017-09-07,12:00:00,13:00:00,Réunion,Bill Shipley,D3-2034,Réunion de la rentrée pour tous les écologistes,"NA","NA","NA"
2017-08-14,"NA","NA",École d'été,Dominique Gravel,"NA","Cours d'été en statistiques bayésiennes, 14-18 août, Orford Musique",http://ielab.recherche.usherbrooke.ca/assets/pdf/ecole2017/flyers_bayes.pdf,"NA","NA"
2017-05-25,09:00:00,12:00:00,Soutenance,Gabriel Pigeon,A1-228,De l'individu à la population: dynamique éco-évolutive et effets cohorte chez le mouflon d'Amérique,"NA","NA","NA"
2017-05-25,"NA","NA",Colloque,"NA","NA","R à Québec 2017, 25-26 mai, ULaval",http://raquebec.ulaval.ca/2017/,"NA","NA"
2017-05-01,"NA","NA",École d'été,Bill Shipley,"NA","Analyse des pistes en écologie, 1-5 mai, UdeS",http://www.billshipley.recherche.usherbrooke.ca/summer%20school%20path%20analysis.htm,"NA","NA"
2017-05-01,"NA","NA",Colloque,CEF,"NA","Colloque CEF 2017, 1-2 mai, UQAM",http://www.cef-cfr.ca/index.php?n=Colloque.Colloque2017,"NA","NA"
2017-04-27,09:00:00,12:00:00,Séminaire étudiant,Marc Bélisle,D3-2038,Séminaire de recherche I PBI-700,"NA","NA","NA"
2017-04-26,10:00:00,13:00:00,Formation,Steve Vissault,D3-2042,Formation LaTeX,https://github.com/EcoNumUdS/BIO500/blob/master/cours6/pres/assets/pdf/S6-BIO500.pdf,"NA","NA"
2017-04-25,14:30:00,15:30:00,Séminaire étudiant,Michaël Belluau,D3-2034,"Traits fonctionnels, tolérances et distributions des espèces herbacées sur un gradient de disponibilité en eau. Une approche prédictive par modèle d'équation structurale.","NA","NA","NA"
2017-04-25,13:30:00,14:30:00,Séminaire étudiant,Allison MacKay,D3-2034,Causes et conséquences de la reproduction asynchrone du kangourou gris de l'Est (Macropus giganteus),"NA","NA","NA"
2017-04-25,10:30:00,11:30:00,Séminaire étudiant,Yuanzhi Li,D3-2037,The structure and dynamic of functional niche space along spatial and temporal gradients,"NA","NA","NA"
2017-04-25,09:30:00,10:30:00,Séminaire étudiant,Idaline Laigle,D3-2037,Évaluation multi-trophique des effets des perturbations dues aux coupes forestières sur la biodiversité,"NA","NA","NA"
2017-04-21,13:30:00,14:30:00,Séminaire invité,Lenore Fahrig,D7-2021,Forty years of bias in habitat fragmentation research,http://carleton.ca/fahriglab/,"NA","NA"
2017-04-18,09:00:00,16:00:00,Séminaire étudiant,Marc Bélisle,D3-2038,Séminaire de recherche I PBI-700,"NA","NA","NA"
2017-04-13,09:00:00,12:15:00,Séminaire étudiant,Robert Bradley,D7-2021,PBI-702 et 706,"NA","NA","NA"
2017-04-10,12:00:00,13:00:00,Midi-numérique,Gabriel Pigeon,D3-2042,Les modèles de projections intégrales (IPM),http://ielab.recherche.usherbrooke.ca/meetings/,"NA","NA"
2017-04-07,13:00:00,14:30:00,Initiation à la recherche,Dany Garant,D7-2016,Présentations des étudiants d'Initiation à la recherche,"NA","NA","NA"
2017-04-06,12:00:00,13:00:00,Journal Club,Marc-Antoine Poirier,D4-2019,Can Evolution Supply What Ecology Demands?,"NA","NA","NA"
2017-04-05,14:30:00,15:30:00,Séminaire invité,Anne Charmantier,D7-2023,"Adaptation locale chez les mésanges, des phénotypes aux génomes",http://annecharmantier.free.fr/,"NA","NA"
2017-04-03,12:00:00,13:00:00,Midi-vég,Mark Vellend,D3-2042,What determines local abundance?,"NA","NA","NA"
2017-03-31,13:30:00,14:30:00,Séminaire invité,Tina Wey,D7-2021,"Environmental heterogeneity, mate-sharing and implications for sexual selection in insect model systems",https://sites.google.com/site/tinawey/home,"NA","NA"
2017-03-30,12:00:00,13:00:00,Journal Club,Sébastien Rivest,D4-2019,"NA","NA","NA","NA"
2017-03-29,12:00:00,13:00:00,ÉcoÉvo,Marco Festa-Bianchet,D3-2042,L'arbitrage des articles,"NA","NA","NA"
2017-03-27,12:00:00,13:00:00,Anglosaboteurs,Françoise Cardou,D3-2042,Pitching the abstract of your paper,http://mvellend.recherche.usherbrooke.ca/2015_BMJ_Vinkers.pdf,"NA","NA"
2017-03-24,13:30:00,14:30:00,Séminaire invité,Anna Hargreaves,D7-2021,"Local adaptation, biotic adaptations and species range limits",http://annahargreaves.wixsite.com/home,"NA","NA"
2017-03-20,12:00:00,13:00:00,Midi-numérique,Antoine Becker-Scarpitta,D3-2042,Calcul d’indices d’affinités des espèces à la température,"NA","NA","NA"
2017-03-16,12:00:00,13:00:00,Journal Club,Nghia Tran,D4-2019,"NA","NA","NA","NA"
2017-03-13,12:00:00,13:00:00,Midi-vég,Francisco Neira,D3-2042,Interdisciplinarity,http://mvellend.recherche.usherbrooke.ca/Funtowicz&Ravetz_EcologicalEconomics.pdf,"NA","NA"
2017-03-06,12:00:00,13:00:00,Anglosaboteurs,Michaël Belluau,D3-2042,Simultaneous plant responses to abiotic and biotic filters,"NA","NA","NA"
2017-02-13,12:00:00,13:00:00,Anglosaboteurs,Marco Festa-Bianchet,D3-2042,Reviewer crisis and biases in ecology,http://mvellend.recherche.usherbrooke.ca/FoxFE17.pdf,"NA","NA"
